id;title;description;user_id;created_by;created_date;last_modified_by;last_modified_date
1;jubilantly unacceptable;superficial bravely;27688;village;2023-11-30T22:35:16;brainstorm;2023-12-01T01:43:08
2;reflecting into;simulate spritz;2817;fitting curiously;2023-12-01T15:57:26;mmm spinach accuse;2023-11-30T22:45:59
3;slippery within;past;12011;blah;2023-12-01T15:55:02;hm vice huzzah;2023-12-01T03:39:20
4;unlace into romance;atop hunker occupy;23127;presentation reassuringly;2023-12-01T14:32:05;divest;2023-12-01T14:25:16
5;outside however within;meh yew whoa;6986;seriously membership helplessly;2023-11-30T19:21:34;pristine;2023-12-01T11:32:16
6;within vastly blindly;pfft;6657;ick;2023-12-01T16:58:12;upliftingly;2023-12-01T08:13:46
7;limited;meringue;3833;carotene fatally;2023-11-30T20:30:37;newspaper unethically consequently;2023-12-01T06:12:04
8;hence overdevelop how;ugh searchingly characterize;15698;gah;2023-11-30T22:53:25;so;2023-12-01T10:21:44
9;overconfidently about imperturbable;but searchingly;11500;once;2023-12-01T17:04:57;supervision switch yang;2023-11-30T21:01:25
10;disassemble gadzooks goose;rationalize;20516;zowie unethically yum;2023-12-01T11:23:09;mellow rick;2023-12-01T01:40:53
