id;entity_name;entity_id;created_by;created_date;last_modified_by;last_modified_date
1;beside too yet;11913;versus cheese wetly;2023-12-03T10:19:04;frenetically blah;2023-12-03T23:06:01
2;psst;18776;whether;2023-12-04T05:28:04;assured another yuck;2023-12-03T21:10:36
3;heed ack afore;21788;rite wink who;2023-12-03T20:19:31;pace sleet;2023-12-03T17:21:56
4;matchmaker but;956;brr celebrate wrinkle;2023-12-04T05:23:47;hungrily;2023-12-03T16:21:59
5;always contribution housing;2066;writ whoa highly;2023-12-04T00:09:25;firm fatally plus;2023-12-04T00:04:07
6;without gah;17548;happily whoever poorly;2023-12-03T18:56:53;ferment too;2023-12-04T02:12:24
7;anchor like which;3435;publication;2023-12-04T02:16:30;than whenever hmph;2023-12-03T10:53:06
8;knacker;17799;start sore regularly;2023-12-03T12:00:22;smoothly who although;2023-12-04T03:56:54
9;than blend;26242;on;2023-12-03T23:17:08;out tall;2023-12-04T02:06:01
10;if zowie;25694;minus dilute cabbage;2023-12-04T02:16:08;triumphantly;2023-12-04T02:44:06
