id;name_ar;name_en;mobile_no;email;image_file;image_file_content_type;image_url_file;post_code;address;notes
1;lasting octave boastfully;sympathetically noisily petty;geez;Nicholas_Cole51@yahoo.com;../fake-data/blob/hipster.png;image/png;fry lye why;39498-5750;plaintive although hence;husky
2;amidst communicate;off;even;Gerhard58@gmail.com;../fake-data/blob/hipster.png;image/png;kosher hmph;82864-7464;pasture;pro connotation
3;splendid gee energetic;sans but;the quarterly deal;Ryann_Trantow@hotmail.com;../fake-data/blob/hipster.png;image/png;listen whenever;21492;thankfully;abaft
4;sweet reassemble steep;impassioned;seclude gah;Freddie94@hotmail.com;../fake-data/blob/hipster.png;image/png;cheery apropos moist;68151;instantly despite;astride trifle poison
5;oof loyally forenenst;rock;during;Chance.Cruickshank@yahoo.com;../fake-data/blob/hipster.png;image/png;uh-huh mumbling roasted;12758;gosh justly;aha following spectacular
6;worthy as;fitness;ouch finally quickly;Estella53@gmail.com;../fake-data/blob/hipster.png;image/png;why;81287-0387;duh;below
7;regularly scrambled mini;merrily ouch;enliven phew medium;Alexandrine_Haag76@gmail.com;../fake-data/blob/hipster.png;image/png;but writ;04517;coral or;times never lamb
8;of wheel eek;uh-huh flowery;symmetry opposite sousaphone;Jaylin44@yahoo.com;../fake-data/blob/hipster.png;image/png;whose along;92136;oof aha;unlined
9;love develop;ability subtract;invigorate;Herta_Denesik83@gmail.com;../fake-data/blob/hipster.png;image/png;forenenst affinity;45200-9412;whether;sophisticated sick
10;fisherman cartel retreat;practice;sizzling tsunami scandalize;Omari.Hickle74@gmail.com;../fake-data/blob/hipster.png;image/png;hastily;64084;um modulo ew;however
